{
    "internalName": "tcp.s1897",
    "displayName": "Tutorial S1897",
    "weaponType": "shotgun",
	"animationType": "enhanced",
	"customFlashTexture":"prototype.advanced.flash",

    "gunDamage": 5,
	"gunDamageHeadshotBonus": 3,
    "roundsPerMin": 60,
	
	"reloadTime": 0,

    "allowEmptyMagazines": true,

    "recoilPitch": 10.0,
    "recoilYaw": 2.5,
    "randomRecoilPitch": 0.8,
    "randomRecoilYaw": 0.8,
    "bulletSpread": 6,
	
	"accuracySneakFactor": 1.0,
	"accuracyCrawlFactor": 1.0,
	"accuracyAimFactor": 0.8,
	"recoilCrawlYawFactor": 0.9,
	"recoilCrawlPitchFactor": 0.6,

    "numBullets": 9,
	"modifyUnloadBullets": 1,

    "moveSpeedModifier": 0.95,
    "allowSprintFiring": true,
	
	"allowReloadFiring": true,
	"allowReloadSprint": true,
	"allowFiringSprint": true,
	"allowAimingSprint": true,

    "fireModes": ["semi"],

    "acceptedBullets": ["tcp.12g","tcp.12gslug"],
    "internalAmmoStorage": 6,

    "shellEjectOffsetNormal": {
        "x": -1.0,
        "y": 0.0,
        "z": 1.0
    },
    "shellEjectOffsetAiming": {
        "x": -0.2,
        "y": 0.12,
        "z": 0.5
    },
    "acceptedAttachments": {
        "barrel": [
        ]
    },
    "weaponSoundMap": {
        "weaponFire": [
            {
                "soundEvent": "weaponFire",
                "soundName": "prototype.spas12.shoot",
                "soundNameDistant": "prototype.spas12.distant",
                "soundRange": 64,
                "soundMaxRange": 96,
                "soundFadeMultiplier": 1
            }
        ],
        "weaponFireSuppressed": [
            {
                "soundEvent": "weaponFireSuppressed",
                "soundName": "prototype.spas12.shoot.sup",
                "soundRange": 30,
                "soundMaxRange": 50,
                "soundFadeMultiplier": 1
            }
        ],
        "weaponBolt": [
            {
                "soundEvent": "weaponBolt",
                "soundName": "prototype.spas12.pump"
            }
        ],
		"weaponReload": [
			{
				"soundEvent": "weaponReload",
				"soundName": "prototype.spas12.chamber"
			}
		],
        "weaponBulletLoad": [
            {
                "soundEvent": "weaponBulletLoad",
                "soundName": "cloud.siz_bg_nope_tcp"
            }
        ]
    },
    "modelSkins": [
        {
            "internalName": "tcp.s1897",
            "skinAsset": "s1897",
			"displayName": "Default",
			"textures": ["basic","specular","normal"]
        }
    ]
}