{
    "internalName": "tcp.ak74",
    "displayName": "Tutorial AK74",
    "weaponType": "carbine",
	"animationType": "enhanced",
    "customFlashTexture":"prototype.advanced.flash",
	
    "gunDamage": 8,
    "gunDamageHeadshotBonus": 2,
    "roundsPerMin": 400,
	
    "recoilPitch": 3,
    "recoilYaw": 1.0,
    "randomRecoilPitch": 0.0,
    "randomRecoilYaw": 0.8,
    "bulletSpread": 3.0,
	
    "accuracySneakFactor": 0.7,
	"accuracyCrawlFactor": 0.5,
	"accuracyAimFactor": 0.1,
	"recoilCrawlYawFactor": 0.9,
	"recoilCrawlPitchFactor": 0.6,
	
	"modifyUnloadBullets": 0,
	
    "moveSpeedModifier": 1,
    "allowSprintFiring": true,
	
	"allowReloadFiring": true,
	"allowReloadSprint": true,
	"allowFiringSprint": true,
	"allowAimingSprint": true,
	
    "fireModes": [
        "full"
    ],
    "acceptedAmmo": [
        "tcp.akammo",
        "tcp.akfastammo"
    ],
	"allowEmptyMagazines": true,
	
    "dropBulletCasing": true,
    "shellEjectOffsetNormal": {
        "x": -1,
        "y": 0,
        "z": 1
    },
    "shellEjectOffsetAiming": {
        "x": -0.2,
        "y": 0.12,
        "z": 0.5
    },
    "weaponSoundMap": {
        "weaponFire": [
            {
                "soundEvent": "weaponFire",
                "soundName": "prototype.ak74u.shoot",
                "soundNameDistant": "prototype.ak74u.shoot.distant",
                "soundRange": 64,
                "soundMaxRange": 96,
                "soundFadeMultiplier": 1
            }
        ],
        "weaponFireSuppressed": [
            {
                "soundEvent": "weaponFireSuppressed",
                "soundName": "prototype.ak74u.shoot.sup",
                "soundRange": 30,
                "soundMaxRange": 50,
                "soundFadeMultiplier": 1
            }
        ],
		"weaponUnload": [
            {
                "soundEvent": "weaponUnload",
                "soundName": "cloud.siz_bg_akm_prereload_tcp"
            }
        ],
        "weaponLoad": [
            {
                "soundEvent": "weaponLoad",
                "soundName": "cloud.siz_bg_akm_load_tcp"
            }
        ],
		"weaponPreReload": [
			{
				"soundEvent": "weaponPreReload",
				"soundName": "cloud.siz_bg_akm_prereload_tcp"
			}
		],
		"weaponReload": [
			{
				"soundEvent": "weaponReload",
				"soundName": "cloud.siz_bg_akm_reload_tcp"
			}
		],
		"weaponReloadSecond": [
			{
				"soundEvent": "weaponReloadSecond",
				"soundName": "cloud.siz_bg_nope_tcp"
			}
		],
		"weaponPostReload": [
			{
				"soundEvent": "weaponPostReload",
				"soundName": "cloud.siz_bg_akm_postreload_tcp"
			}
		]
    },
    "acceptedAttachments": {
        "barrel": [
            "tcp.suppressor_normal"
        ],
        "sight": [
            "tcp.scope_obzor"
        ],
        "flashlight": [
            "tcp.flashlight_ak"
        ],
		"charm": [
	        "tcp.grass_block"
	    ]
    },
    "modelSkins": [
        {
            "internalName": "tcp.ak74",
            "skinAsset": "ak74",
            "displayName": "Default",
            "textures": ["basic","specular","normal"]
        }
    ]
}