{
  "displayName": "Mosing Nagant",
  "internalName": "prototype.mosin_nagant",
  "weaponType": "boltsniper",
  "customFlashTexture": "prototype.flash",
  "gunDamage": 19,
  "gunDamageHeadshotBonus": 1,
  "roundsPerMin": 34,
  "acceptedAmmo": [
    "prototype.mosin_nagantammo"
  ],
  "fireModes": [
    "semi"
  ],
  "recoilPitch": 4,
  "recoilYaw": 1.5,
  "randomRecoilPitch": 0.5,
  "randomRecoilYaw": 0.5,
  "allowSprintFiring": true,
  "allowEmptyMagazines": true,
  "moveSpeedModifier": 0.9,
  "accuracySneakFactor": 0.5,
  "dropBulletCasing": false,
  "shellEjectOffsetNormal": {
    "x": -1,
    "y": 0,
    "z": 1
  },
  "shellEjectOffsetAiming": {
    "x": -0.2,
    "y": 0.12,
    "z": 0.5
  },
  "weaponSoundMap": {
    "weaponFire": [
      {
        "soundEvent": "weaponFire",
        "soundName": "prototype.mosin_nagant.shoot",
        "soundNameDistant": "prototype.mosin_nagant.distant",
        "soundRange": 64,
        "soundMaxRange": 96,
        "soundFadeMultiplier": 1
      }
    ],
    "weaponFireSuppressed": [
      {
        "soundEvent": "weaponFireSuppressed",
        "soundName": "prototype.mosin_nagant.shoot.sup",
        "soundNameDistant": "prototype.mosin_nagant.sup",
        "soundRange": 20,
        "soundMaxRange": 50,
        "soundFadeMultiplier": 1
      }
    ],
    "weaponReload": [
      {
        "soundEvent": "weaponReload",
        "soundName": "prototype.mosin_nagant.reload"
      }
    ],
    "weaponBolt": [
      {
        "soundEvent": "weaponBolt",
        "soundName": "prototype.mosin_nagant.bolt"
      }
    ]
  },
  "acceptedAttachments": {
    "sight": [
      "prototype.obzor_sight"
    ],
    "barrel": [
      "prototype.sr_suppressor"
    ]
  },
  "modelSkins": [
    {
      "internalName": "prototype.mosin_nagant",
      "skinAsset": "prototype.mosin_nagant",
      "displayName": "Default"
    }
  ]
}