{
    "internalName": "siz.wristblades",
    "displayName": "Wrist Blades",
    "weaponType": "shotgun",
	"customFlashTexture":"siz_rts.flash_texture",

    "gunDamage": 8,
    "gunDamageHeadshotBonus": 2,

    "roundsPerMin": 400,
	"reloadTime": 10,

    "allowEmptyMagazines": true,

    "recoilPitch": 4.0,
    "recoilYaw": 1.5,
    "randomRecoilPitch": 0.8,
    "randomRecoilYaw": 0.8,
    "bulletSpread": 3,
	
	"numBullets": 6,

    "accuracySneakFactor": 0.5,
    "moveSpeedModifier": 1.0,
    "allowSprintFiring": true,

    "fireModes": ["full", "semi"],
    "acceptedAmmo": ["siz.wristblades_ammo"],

    "dropBulletCasing": true,
    "shellEjectOffsetNormal": {
        "x": -1.0,
        "y": 0.0,
        "z": 1.0
    },
    "shellEjectOffsetAiming": {
        "x": -0.2,
        "y": 0.12,
        "z": 0.5
    },
    "weaponSoundMap": {
        "weaponFire": [
            {
                "soundEvent": "weaponFire",
                "soundName": "prototype.ak74u.shoot",
                "soundNameDistant": "prototype.ak74u.shoot.distant",
                "soundRange": 64,
                "soundMaxRange": 96,
                "soundFadeMultiplier": 1
            }
        ],
        "weaponReload": [
            {
                "soundEvent": "weaponReload",
                "soundName": "prototype.generic.reload"
            }
        ],
        "weaponFireSuppressed": [
            {
                "soundEvent": "weaponFireSuppressed",
                "soundName": "prototype.ak74u.shoot.sup",
                "soundRange": 30,
                "soundMaxRange": 30,
                "soundFadeMultiplier": 1
            }
        ]
    },
    "acceptedAttachments": {},
    "modelSkins": [
        {
            "internalName": "siz.wristblades",
            "skinAsset": "siz_wristblades",
            "preload": [1,1,1,1],
            "displayName": "Default"
        }
    ]
}