{
  "modelFileName": "m24a2.glb",
  "animations": {
    "default": {
      "startTime": 800,
	  "endTime": 801,
	  "speed": 0.015
    },
    "draw": {
      "startTime": 1,
      "endTime": 36,
	  "speed": 0.024
    },
    "aim": {
	  "speed": 0.004
    },
	"preFire": {
      "startTime": 40,
      "endTime": 46,
	  "speed": 1.0
    },
	"fire": {
      "startTime": 46, 
      "endTime": 47,
	  "speed": 0.15
    },
	"postFire": {
      "startTime": 50, 
      "endTime": 95,
	  "speed": 0.1
    },
    "preReload": {
      "startTime": 110,
      "endTime": 133,
	  "speed": 0.024
    },
	"reloadFirst": {
      "startTime": 133,
      "endTime": 163,
	  "speed": 0.024
    },
	"reloadSecond": {
      "startTime": 163,
      "endTime": 184,
	  "speed": 0.024
    },
	"postReload": {
      "startTime": 184,
      "endTime": 242,
	  "speed": 0.024
    },
	"preLoad": {
      "startTime": 330,
      "endTime": 370,
	  "speed": 0.024
    },
	"load": {
      "startTime": 370,
      "endTime": 428,
	  "speed": 0.024
    },
	"preUnload": {
      "startTime": 260,
      "endTime": 283,
	  "speed": 0.024
    },
	"unload": {
      "startTime": 283,
      "endTime": 313,
	  "speed": 0.024
    },
    "inspect": {
      "startTime": 560,
      "endTime": 780,
	  "speed": 0.024
    }
  },
	"sprint": {
		"basicSprint": true,
		"sprintRotate": {
			"x": 10.0,
			"y": 20.0,
			"z": 0.0
		},
		"sprintTranslate": {
			"x": -5.5,
			"y": -0.5,
			"z": 2.5
		}
	},
  "thirdPerson": {
    "thirdPersonOffset": {
      "x": 0.06,
      "y": -0.1,
      "z": 0.0
    },
    "backPersonOffset": {
      "x": 0.1,
      "y": -0.1,
      "z": 0.1
    },
    "thirdPersonScale": 0.8
  },
  "aim": {
    "rotateHipPosition": {
      "x": -5.0,
      "y": 0.0,
      "z": 0.0
    },
    "translateHipPosition": {
      "x": 9.0,
      "y": -1.5,
      "z": 1.0
    },
    "rotateAimPosition": {
      "x": 5.0,
      "y": 0.0,
      "z": 0.0
    },
    "translateAimPosition": {
      "x": -3.0,
      "y": 1.5,
      "z": -1.0
    }
  },
  "attachmentGroup": {
    "barrel": {
	  "hidePart": [
	    "defaultBarrelModel"
	  ],
	  "translate": {
	    "x": 15.0,
	    "y": -0.91,
	    "z": 0.0
	  },
	  "scale": {
	    "x": 1.0,
	    "y": 1.0,
	    "z": 1.0
	  },
	  "rotate": {
	    "x": 0.0,
	    "y": 0.0,
	    "z": 0.0
	  }
	},
	"sight": {
	  "translate": {
	    "x": 0.0,
	    "y": 0.0,
	    "z": 0.0
	  },
	  "scale": {
	    "x": 1.0,
	    "y": 1.0,
	    "z": 1.0
	  },
	  "rotate": {
	    "x": 0.0,
	    "y": 0.0,
	    "z": 0.0
	  }
	},
	"grip": {
	  "translate": {
	    "x": 2.0,
	    "y": -1.6,
	    "z": 0.0
	  },
	  "scale": {
	    "x": 1.0,
	    "y": 1.0,
	    "z": 1.0
	  },
	  "rotate": {
	    "x": 0.0,
	    "y": 0.0,
	    "z": 0.0
	  }
	},
	"flashlight": {
	  "translate": {
	    "x": 3.0,
	    "y": 0.0,
	    "z": 0.0
	  },
	  "scale": {
	    "x": 1.0,
	    "y": 1.0,
	    "z": 1.0
	  },
	  "rotate": {
	    "x": 0.0,
	    "y": 0.0,
	    "z": 0.0
	  }
	},
	"charm": {
	  "translate": {
	    "x": 4.0,
	    "y": -0.9,
	    "z": -0.42
	  },
	  "scale": {
	    "x": 1.0,
	    "y": 1.0,
	    "z": 1.0
	  },
	  "rotate": {
	    "x": 0.0,
	    "y": 0.0,
	    "z": 0.0
	  }
	},
	"ammo": {
	  "translate": {
	    "x": 0.0,
	    "y": 0.0,
	    "z": 0.0
	  },
	  "scale": {
	    "x": 1.0,
	    "y": 1.0,
	    "z": 1.0
	  },
	  "rotate": {
	    "x": 0.0,
	    "y": 0.0,
	    "z": 0.0
	  }
	},
	"bullet": {
	  "translate": {
	    "x": -0.7,
	    "y": 0.0,
	    "z": 0.0
	  },
	  "scale": {
	    "x": 1.0,
	    "y": 1.0,
	    "z": 1.0
	  },
	  "rotate": {
	    "x": 0.0,
	    "y": 0.0,
	    "z": 0.0
	  }
	},
	"stock": {
	  "translate": {
	    "x": 0.0,
	    "y": 0.0,
	    "z": 0.0
	  },
	  "scale": {
	    "x": 1.0,
	    "y": 1.0,
	    "z": 1.0
	  },
	  "rotate": {
	    "x": 0.0,
	    "y": 0.0,
	    "z": 0.0
	  }
	}
  },
  "attachment": {
	"tcp.grass_block": {
	  "binding": "gunModel",
	  "hidePart": [],
	  "translate": {
	    "x": 0.0,
	    "y": 0.0,
	    "z": -0.1
	  },
	  "scale": {
	    "x": 0.7,
	    "y": 0.7,
	    "z": 0.7
	  },
	  "rotate": {
	    "x": -10.0,
	    "y": 0.0,
	    "z": 0.0
	  }
	},
    "tcp.sight_reddot": {
	  "binding": "gunModel",
	  "hidePart": [
	    "attachmentModel"
	  ],
	  "sightAimPosOffset": {
	    "x": 0.0,
	    "y": -0.6,
	    "z": 0.0
	  },
      "sightAimRotOffset": {
	    "x": 0.0,
	    "y": 0.0,
	    "z": 0.0
	  },
	  "translate": {
	    "x": 0.0,
	    "y": 0.0,
	    "z": 0.0
	  },
	  "scale": {
	    "x": 1.0,
	    "y": 1.0,
	    "z": 1.0
	  },
	  "rotate": {
	    "x": 0.0,
	    "y": 0.0,
	    "z": 0.0
	  }
	},
	"tcp.scope_acog": {
	  "binding": "gunModel",
	  "hidePart": [],
	  "renderInsideSightModel": true,
	  "renderInsideGunOffset": 6.0,
	  "sightAimPosOffset": {
	    "x": -3.0,
	    "y": -0.8,
	    "z": 0.0
	  },
      "sightAimRotOffset": {
	    "x": 0.0,
	    "y": 0.0,
	    "z": 0.0
	  },
	  "translate": {
	    "x": 0.0,
	    "y": 0.0,
	    "z": 0.0
	  },
	  "scale": {
	    "x": 1.0,
	    "y": 1.0,
	    "z": 1.0
	  },
	  "rotate": {
	    "x": 0.0,
	    "y": 0.0,
	    "z": 0.0
	  }
	},
	"tcp.scope_pm": {
	  "binding": "gunModel",
	  "hidePart": [],
	  "renderInsideSightModel": true,
	  "renderInsideGunOffset": 35.0,
	  "sightAimPosOffset": {
	    "x": -0.85,
	    "y": -0.735,
	    "z": 0.0
	  },
      "sightAimRotOffset": {
	    "x": 0.0,
	    "y": 0.0,
	    "z": 0.0
	  },
	  "translate": {
	    "x": -1.3,
	    "y": 0.0,
	    "z": 0.0
	  },
	  "scale": {
	    "x": 1.0,
	    "y": 1.0,
	    "z": 1.0
	  },
	  "rotate": {
	    "x": 0.0,
	    "y": 0.0,
	    "z": 0.0
	  }
	},
	"tcp.scope_m24a2": {
	  "binding": "gunModel",
	  "hidePart": [],
	  "renderInsideSightModel": true,
	  "renderInsideGunOffset": 10.0,
	  "sightAimPosOffset": {
	    "x": -0.85,
	    "y": -0.605,
	    "z": 0.0
	  },
      "sightAimRotOffset": {
	    "x": 0.0,
	    "y": 0.0,
	    "z": 0.0
	  },
	  "translate": {
	    "x": 0.0,
	    "y": 0.0,
	    "z": 0.0
	  },
	  "scale": {
	    "x": 1.0,
	    "y": 1.0,
	    "z": 1.0
	  },
	  "rotate": {
	    "x": 0.0,
	    "y": 0.0,
	    "z": 0.0
	  }
	}
  },
  "defaultHidePart": [
    "attachmentModel_2"
  ],
  "attachments": {},
  "global": {
    "globalTranslate": {
      "x": 0.0,
	  "y": 0.0,
	  "z": 0.0
    },
    "globalScale": {
      "x": 0.05,
	  "y": 0.05,
	  "z": 0.05
    },
    "globalRotate": {
      "x": 0.0,
	  "y": 0.0,
  	  "z": 0.0
    }
  },
  "extra": {
    "translateAll": {
      "x": 0.0,
      "y": 0.0,
      "z": 0.0
    },
    "modelScale": 1.2,
	"modelGuiScale": 0.8,
	"modelGuiRotateCenter": {
	  "x": -3.0,
	  "y": 1.5
	},
    "gunOffsetScoping": 0.0,
    "crouchZoom": -0.035,
    "adsSpeed": 0.02,
    "modelRecoilBackwards": 0.5,
    "modelRecoilUpwards": 2.3,
    "modelRecoilShake": 0.35
  }
}