{
  "modelFileName": "s1897.glb",
  "animations": {
    "default": {
      "startTime": 510,
	  "endTime": 511,
	  "speed": 0.0015
    },
    "draw": {
      "startTime": 1,
      "endTime": 14,
	  "speed": 0.024
    },
    "aim": {
	  "speed": 0.01
    },
	"preFire": {
      "startTime": 40,
      "endTime": 48,
	  "speed":0.3
    },
	"fire": {
      "startTime": 48,
      "endTime": 49,
	  "speed": 0.5
    },
	"postFire": {
      "startTime": 53,
      "endTime": 78,
	  "speed": 0.18
    },
    "preReload": {
      "startTime": 100,
      "endTime": 115,
	  "speed": 0.036
    },
	"reloadFirst": {
      "startTime": 120,
      "endTime": 134,
	  "speed": 0.036
    },
	"reloadSecond": {
      "startTime": 134,
      "endTime": 144,
	  "speed": 0.036
    },
	"postReload": {
      "startTime": 164,
      "endTime": 200,
	  "speed": 0.036
    },
	"preUnload": {
      "startTime": 218,
      "endTime": 224,
	  "speed": 0.036
    },
	"unload": {
      "startTime": 224,
      "endTime": 244,
	  "speed": 0.036
    },
	"postUnload": {
      "startTime": 224,
      "endTime": 255,
	  "speed": 0.036
    },
    "inspect": {
      "startTime": 280,
      "endTime": 400,
	  "speed": 0.02
    }
  },
  "sprint": {
    "basicSprint": true,
    "sprintRotate": {
      "x": 25.0,
      "y": 50.0,
      "z": 0.0
    },
    "sprintTranslate": {
      "x": -5.5,
      "y": -0.5,
      "z": 5.5
    }
  },
  "thirdPerson": {
    "thirdPersonOffset": {
      "x": 0.0,
      "y": -0.1,
      "z": 0.0
    },
    "backPersonOffset": {
      "x": 0.14,
      "y": -0.1,
      "z": 0.1
    },
    "thirdPersonScale": 0.8
  },
  "aim": {
    "rotateHipPosition": {
      "x": -5.0,
      "y": 0.0,
      "z": 0.0
    },
    "translateHipPosition": {
      "x": 6.0,
      "y": -1.5,
      "z": 1.0
    },
    "rotateAimPosition": {
      "x": 5.0,
      "y": 0.0,
      "z": 1.0
    },
    "translateAimPosition": {
      "x": -1.0,
      "y": 1.25,
      "z": -1.0
    }
  },
  "attachmentGroup": {
    "barrel": {
	  "hidePart": [
	    "defaultBarrelModel"
	  ],
	  "translate": {
	    "x": 0.0,
	    "y": 0.0,
	    "z": 0.0
	  },
	  "scale": {
	    "x": 1.0,
	    "y": 1.0,
	    "z": 1.0
	  },
	  "rotate": {
	    "x": 0.0,
	    "y": 0.0,
	    "z": 0.0
	  }
	},
	"sight": {
	  "translate": {
	    "x": 0.0,
	    "y": 0.0,
	    "z": 0.0
	  },
	  "scale": {
	    "x": 1.0,
	    "y": 1.0,
	    "z": 1.0
	  },
	  "rotate": {
	    "x": 0.0,
	    "y": 0.0,
	    "z": 0.0
	  }
	},
	"grip": {
	  "translate": {
	    "x": 0.0,
	    "y": 0.0,
	    "z": 0.0
	  },
	  "scale": {
	    "x": 1.0,
	    "y": 1.0,
	    "z": 1.0
	  },
	  "rotate": {
	    "x": 0.0,
	    "y": 0.0,
	    "z": 0.0
	  }
	},
	"flashlight": {
	  "translate": {
	    "x": 0.0,
	    "y": 0.0,
	    "z": 0.0
	  },
	  "scale": {
	    "x": 1.0,
	    "y": 1.0,
	    "z": 1.0
	  },
	  "rotate": {
	    "x": 0.0,
	    "y": 0.0,
	    "z": 0.0
	  }
	},
	"charm": {
	  "translate": {
	    "x": -2.0,
	    "y": -1.4,
	    "z": -0.42
	  },
	  "scale": {
	    "x": 1.0,
	    "y": 1.0,
	    "z": 1.0
	  },
	  "rotate": {
	    "x": 0.0,
	    "y": 0.0,
	    "z": 0.0
	  }
	},
	"ammo": {
	  "translate": {
	    "x": 0.0,
	    "y": 0.0,
	    "z": 0.0
	  },
	  "scale": {
	    "x": 1.0,
	    "y": 1.0,
	    "z": 1.0
	  },
	  "rotate": {
	    "x": 0.0,
	    "y": 0.0,
	    "z": 0.0
	  }
	},
	"bullet": {
	  "translate": {
	    "x": 0.0,
	    "y": 0.0,
	    "z": 0.0
	  },
	  "scale": {
	    "x": 1.0,
	    "y": 1.0,
	    "z": 1.0
	  },
	  "rotate": {
	    "x": 0.0,
	    "y": 0.0,
	    "z": 0.0
	  }
	},
	"stock": {
	  "translate": {
	    "x": 0.0,
	    "y": 0.0,
	    "z": 0.0
	  },
	  "scale": {
	    "x": 1.0,
	    "y": 1.0,
	    "z": 1.0
	  },
	  "rotate": {
	    "x": 0.0,
	    "y": 0.0,
	    "z": 0.0
	  }
	}
  },
  "attachment": {
	"tcp.grass_block": {
	  "binding": "gunModel",
	  "hidePart": [],
	  "translate": {
	    "x": 0.0,
	    "y": 0.0,
	    "z": 0.0
	  },
	  "scale": {
	    "x": 0.7,
	    "y": 0.7,
	    "z": 0.7
	  },
	  "rotate": {
	    "x": -20.0,
	    "y": 0.0,
	    "z": 0.0
	  }
	}
  },
  "attachments": {},
  "global": {
    "globalTranslate": {
      "x": 0.0,
	  "y": 0.0,
	  "z": 0.0
    },
    "globalScale": {
      "x": 0.05,
	  "y": 0.05,
	  "z": 0.05
    },
    "globalRotate": {
      "x": 0.0,
	  "y": 0.0,
  	  "z": 0.0
    }
  },
  "extra": {
    "translateAll": {
      "x": 0.0,
      "y": 0.0,
      "z": 0.0
    },
    "modelScale": 1.2,
	"modelGuiScale": 0.8,
	"modelGuiRotateCenter": {
	  "x": -3.0,
	  "y": 1.5
	},
    "gunOffsetScoping": 0.0,
    "crouchZoom": -0.035,
    "adsSpeed": 0.1,
    "modelRecoilBackwards": 0.075,
    "modelRecoilUpwards": 1.0,
    "modelRecoilShake": 0.5
  }
}